{"savannah, ga|ga":[32.0790074,-81.0921335],"atlanta, ga|ga":[33.7544657,-84.3898151],"sarasota, fl|fl":[27.3365805,-82.5308545],"venice, fl|fl":[27.0998315,-82.4442832],"pensacola, fl|fl":[30.421309,-87.2169149],"orlando, fl|fl":[28.5421218,-81.379045],"fort walton beach, fl|fl":[30.4057552,-86.618842],"ocala, fl|fl":[29.1871986,-82.1400923],"lakeland, fl|fl":[28.0394654,-81.9498042],"jacksonville, fl|fl":[30.3262247,-81.6579179],"gainesville, fl|fl":[29.6519684,-82.3249846],"fort myers, fl|fl":[26.640628,-81.8723084],"miami, fl|fl":[25.7741566,-80.1935973],"fort lauderdale, fl|fl":[26.1223084,-80.1433786],"key west, fl|fl":[24.5548262,-81.8020722],"daytona beach, fl|fl":[29.2108147,-81.0228331],"washington, dc|dc":[38.8950982,-77.0363849],"wilmington, de|de":[39.7459468,-75.546589],"danbury, ct|ct":[41.394817,-73.4540111],"new haven, ct|ct":[41.3082138,-72.9250518],"hartford, ct|ct":[41.764582,-72.6908547],"new london, ct|ct":[41.3556187,-72.0997804],"grand junction, co|co":[39.0672568,-108.56448],"pueblo, co|co":[38.263995,-104.6141867],"fort collins, co|co":[40.5871782,-105.0770113],"denver, co|co":[39.7392364,-104.984862],"aurora, co|co":[39.7405111,-104.830994],"w. exposition dr. lakewood, co|co":[39.7025509,-105.114161],"colorado springs, co|co":[38.8339578,-104.825348],"boulder, co|co":[40.0149856,-105.270545],"yuba city, ca|ca":[39.1404477,-121.6169108],"visalia, ca|ca":[36.3302284,-119.292058],"ventura, ca|ca":[34.4458248,-119.0779359],"nyeland ave. oxnard, ca|ca":[34.2258489,-119.1351392],"stockton, ca|ca":[37.9577016,-121.290779]}